Name;Address[offsets] (in hex);Type
No label;81220CDC;Float
No label;81220CE4;Float
No label;8131E3DC;Float
No label;8131E3E4;Float
No label;8131F860;Float
No label;8131FB04;Float
No label;813206B0;Float
No label;813272B8;Float
No label;81452740;Float
No label;81452748;Float
No label;814527F8;Float
No label;81452818;Float
No label;81462FA4;Float
No label;81462FC4;Float
No label;900D4A74;Float
No label;900D4A7C;Float
No label;900D6B6C;Float
No label;900D6B78;Float
No label;900D6B84;Float
No label;900D6B90;Float
No label;900D6B9C;Float
No label;900D6BA8;Float
No label;900D6BB4;Float
No label;900D6BC0;Float
No label;900D6BCC;Float
No label;900D6BD8;Float
No label;900D6BE4;Float
No label;900D6BF0;Float
No label;900D6BFC;Float
No label;900D6C08;Float
No label;900D6C14;Float
No label;900D6C20;Float
No label;900D6E4C;Float
No label;900D6E50;Float
No label;900D6EA8;Float
No label;900D6EAC;Float
No label;900D6ED0;Float
No label;900D6ED4;Float
No label;900D6EEC;Float
No label;900D6EF4;Float
No label;900D6F08;Float
No label;900D6F1C;Float
No label;900D6F30;Float
No label;900D6F44;Float
No label;900D6F58;Float
No label;900D6F6C;Float
No label;900D6F80;Float
No label;900D6F94;Float
No label;900D6FA8;Float
No label;900D6FBC;Float
No label;900D6FD0;Float
No label;900D6FE4;Float
No label;900D6FF8;Float
No label;900D700C;Float
No label;900D7020;Float
No label;900D7034;Float
No label;900D7048;Float
No label;900D705C;Float
No label;900D7070;Float
No label;900D7084;Float
No label;900D7098;Float
No label;900D70AC;Float
No label;900D70C0;Float
No label;900D70D4;Float
No label;900D70E8;Float
No label;900D70FC;Float
No label;900D7110;Float
No label;900D7124;Float
No label;900D7138;Float
No label;900D714C;Float
No label;900D7160;Float
No label;900D7174;Float
No label;900D7188;Float
No label;900D719C;Float
No label;900D71B0;Float
No label;900D71C4;Float
No label;900D71D8;Float
No label;900D71EC;Float
No label;900D7200;Float
No label;900D7214;Float
No label;900D7228;Float
No label;900D723C;Float
No label;900D7250;Float
No label;900D7264;Float
No label;900D7278;Float
No label;900D728C;Float
No label;900D72A0;Float
No label;900D72B4;Float
No label;900D72C8;Float
No label;900D72DC;Float
No label;900D72F0;Float
No label;900D7304;Float
No label;900D7318;Float
No label;900D732C;Float
No label;900D7340;Float
No label;900D7354;Float
No label;900D7368;Float
No label;900D737C;Float
No label;900D7390;Float
No label;900D73A4;Float
No label;900D73B8;Float
No label;900D73CC;Float
No label;900D73E0;Float
No label;900D73F4;Float
No label;900D7408;Float
No label;900D741C;Float
No label;900D7430;Float
No label;900D7444;Float
No label;900D7458;Float
No label;900D746C;Float
No label;900D7480;Float
No label;900D7494;Float
No label;900D74A8;Float
No label;900D74BC;Float
No label;900D74D0;Float
No label;900D74E4;Float
No label;900D74F8;Float
No label;900D750C;Float
No label;900D7520;Float
No label;900D7534;Float
No label;900D7548;Float
No label;900D755C;Float
No label;900D7570;Float
No label;900D7584;Float
No label;900D7598;Float
No label;900D75AC;Float
No label;900D75C0;Float
No label;900D75D4;Float
No label;900D75E8;Float
No label;900D75FC;Float
No label;900D7610;Float
No label;900D7624;Float
No label;900D7638;Float
No label;900D764C;Float
No label;900D7660;Float
No label;900D7674;Float
No label;900D7688;Float
No label;900D769C;Float
No label;900D76B0;Float
No label;900D76C4;Float
No label;900D76D8;Float
No label;900D76EC;Float
No label;900D7700;Float
No label;900D7714;Float
No label;900D7728;Float
No label;900D773C;Float
No label;900D7750;Float
No label;900D7764;Float
No label;900D7778;Float
No label;900D778C;Float
No label;900D77A0;Float
No label;900D77B4;Float
No label;900D77C8;Float
No label;900D77DC;Float
No label;900D77F0;Float
No label;900D7804;Float
No label;900D7818;Float
No label;900D782C;Float
No label;900D7840;Float
No label;900D7854;Float
No label;900D7868;Float
No label;900D787C;Float
No label;900D7890;Float
No label;900D78A4;Float
No label;900D78B8;Float
No label;900D78CC;Float
No label;900D78E0;Float
No label;900D78F4;Float
No label;900D7908;Float
No label;900D791C;Float
No label;900D7930;Float
No label;900D7944;Float
No label;900D7958;Float
No label;900D796C;Float
No label;900D7980;Float
No label;900D7994;Float
No label;900D79A8;Float
No label;900D79BC;Float
No label;900D79D0;Float
No label;900D79E4;Float
No label;900D79F8;Float
No label;900D7A0C;Float
No label;900D7A20;Float
No label;900D7A34;Float
No label;900D7A48;Float
No label;900D7A5C;Float
No label;900D7A70;Float
No label;900D7A84;Float
No label;900D7A98;Float
No label;900D7AAC;Float
No label;900D7AC0;Float
No label;900D7AD4;Float
No label;900D7AE8;Float
No label;900D7AFC;Float
No label;900D7B10;Float
No label;900D7B24;Float
No label;900D7B38;Float
No label;900D7B4C;Float
No label;900D7B60;Float
No label;900D7B74;Float
No label;900D7B88;Float
No label;900D7B9C;Float
No label;900D7BB0;Float
No label;900D7BC4;Float
No label;900D7BD8;Float
No label;900D7BEC;Float
No label;900D7BF0;Float
No label;900D7BFC;Float
No label;900D7C00;Float
No label;900D7C04;Float
No label;900D7C10;Float
No label;900D7C14;Float
No label;900D7C18;Float
No label;900D7C24;Float
No label;900D7C28;Float
No label;900D7C2C;Float
No label;900D7C38;Float
No label;900D7C3C;Float
No label;900D7C40;Float
No label;900D7C4C;Float
No label;900D7C50;Float
No label;900D7C54;Float
No label;900D7C60;Float
No label;900D7C64;Float
No label;900D7C68;Float
No label;900D7C74;Float
No label;900D7C78;Float
No label;900D7C7C;Float
No label;900D7C88;Float
No label;900D7C8C;Float
No label;900D7C90;Float
No label;900D7C9C;Float
No label;900D7CA0;Float
No label;900D7CA4;Float
No label;900D7CB0;Float
No label;900D7CB4;Float
No label;900D7CB8;Float
No label;900D7CC4;Float
No label;900D7CC8;Float
No label;900D7CCC;Float
No label;900D7CD8;Float
No label;900D7CDC;Float
No label;900D7CE0;Float
No label;900D7CEC;Float
No label;900D7CF0;Float
No label;900D7CF4;Float
No label;900D7D00;Float
No label;900D7D04;Float
No label;900D7D08;Float
No label;900D7D14;Float
No label;900D7D18;Float
No label;900D7D1C;Float
No label;900D7D28;Float
No label;900D7D2C;Float
No label;900D7D30;Float
No label;900D7D3C;Float
No label;900D7D40;Float
No label;900D7D44;Float
No label;900D7D50;Float
No label;900D7D54;Float
No label;900D7D58;Float
No label;900D7D64;Float
No label;900D7D68;Float
No label;900D7D6C;Float
No label;900D7D78;Float
No label;900D7D7C;Float
No label;900D7D80;Float
No label;900D7D8C;Float
No label;900D7D90;Float
No label;900D7D94;Float
No label;900D7DA0;Float
No label;900D7DA4;Float
No label;900D7DA8;Float
No label;900D7DB4;Float
No label;900D7DB8;Float
No label;900D7DBC;Float
No label;900D7DC8;Float
No label;900D7DCC;Float
No label;900D7DD0;Float
No label;900D7DDC;Float
No label;900D7DE0;Float
No label;900D7DE4;Float
No label;900D7DF0;Float
No label;900D7DF4;Float
No label;900D7DF8;Float
No label;900D7E04;Float
No label;900D7E08;Float
No label;900D7E0C;Float
No label;900D7E18;Float
No label;900D7E1C;Float
No label;900D7E20;Float
No label;900D7E2C;Float
No label;900D7E30;Float
No label;900D7E34;Float
No label;900D7E40;Float
No label;900D7E44;Float
No label;900D7E48;Float
No label;900D7E54;Float
No label;900D7E58;Float
No label;900D7E5C;Float
No label;900D7E68;Float
No label;900D7E6C;Float
No label;900D7E70;Float
No label;900D7E7C;Float
No label;900D7E80;Float
No label;900D7E84;Float
No label;900D7E90;Float
No label;900D7E94;Float
No label;900D7E98;Float
No label;900D7EA4;Float
No label;900D7EA8;Float
No label;900D7EAC;Float
No label;900D7EB8;Float
No label;900D7EBC;Float
No label;900D7EC0;Float
No label;900D7ECC;Float
No label;900D7ED0;Float
No label;900D7ED4;Float
No label;900D7EE0;Float
No label;900D7EE4;Float
No label;900D7EE8;Float
No label;900D7EF4;Float
No label;900D7EF8;Float
No label;900D7EFC;Float
No label;900D7F08;Float
No label;900D7F0C;Float
No label;900D7F10;Float
No label;900D7F1C;Float
No label;900D7F20;Float
No label;900D7F24;Float
No label;900D7F30;Float
No label;900D7F34;Float
No label;900D7F38;Float
No label;900D7F44;Float
No label;900D7F48;Float
No label;900D7F4C;Float
No label;900D7F58;Float
No label;900D7F5C;Float
No label;900D7F60;Float
No label;900D7F6C;Float
No label;900D7F70;Float
No label;900D7F74;Float
No label;900D7F80;Float
No label;900D7F84;Float
No label;900D7F88;Float
No label;900D7F94;Float
No label;900D7F98;Float
No label;900D7F9C;Float
No label;900D7FA8;Float
No label;900D7FAC;Float
No label;900D7FB0;Float
No label;900D7FBC;Float
No label;900D7FC0;Float
No label;900D7FC4;Float
No label;900D7FD0;Float
No label;900D7FD4;Float
No label;900D7FD8;Float
No label;900D7FE4;Float
No label;900D7FE8;Float
No label;900D7FEC;Float
No label;900D7FF8;Float
No label;900D7FFC;Float
No label;900D8000;Float
No label;900D800C;Float
No label;900D8010;Float
No label;900D8014;Float
No label;900D8020;Float
No label;900D8024;Float
No label;900D8028;Float
No label;900D8034;Float
No label;900D8038;Float
No label;900D803C;Float
No label;900D8048;Float
No label;900D804C;Float
No label;900D8050;Float
No label;900D805C;Float
No label;900D8060;Float
No label;900D8064;Float
No label;900D8070;Float
No label;900D8074;Float
No label;900D8078;Float
No label;900D8084;Float
No label;900D8088;Float
No label;900D808C;Float
No label;900D8098;Float
No label;900D809C;Float
No label;900D80A0;Float
No label;900D80AC;Float
No label;900D80B0;Float
No label;900D80B4;Float
No label;900D80C0;Float
No label;900D80C4;Float
No label;900D80C8;Float
No label;900D80D4;Float
No label;900D80D8;Float
No label;900D80DC;Float
No label;900D80E8;Float
No label;900D80EC;Float
No label;900D80F0;Float
No label;900D80FC;Float
No label;900D8100;Float
No label;900D8104;Float
No label;900D8110;Float
No label;900D8114;Float
No label;900D8118;Float
No label;900D8124;Float
No label;900D8128;Float
No label;900D812C;Float
No label;900D8138;Float
No label;900D813C;Float
No label;900D8140;Float
No label;900D814C;Float
No label;900D8150;Float
No label;900D8154;Float
No label;900D8160;Float
No label;900D8164;Float
No label;900D8168;Float
No label;900D8174;Float
No label;900D8178;Float
No label;900D817C;Float
No label;900D8188;Float
No label;900D818C;Float
No label;900D8190;Float
No label;900D819C;Float
No label;900D81A0;Float
No label;900D81A4;Float
No label;900D81B0;Float
No label;900D81B4;Float
No label;900D81B8;Float
No label;900D81C4;Float
No label;900D81C8;Float
No label;900D81CC;Float
No label;900D81D8;Float
No label;900D81DC;Float
No label;900D81E0;Float
No label;900D81EC;Float
No label;900D81F0;Float
No label;900D81F4;Float
No label;900D8200;Float
No label;900D8204;Float
No label;900D8208;Float
No label;900D8214;Float
No label;900D8218;Float
No label;900D821C;Float
No label;900D8228;Float
No label;900D822C;Float
No label;900D8230;Float
No label;900D823C;Float
No label;900D8240;Float
No label;900D8244;Float
No label;900D8250;Float
No label;900D8254;Float
No label;900D8258;Float
No label;900D8264;Float
No label;900D8268;Float
No label;900D826C;Float
No label;900D8278;Float
No label;900D827C;Float
No label;900D8280;Float
No label;900D828C;Float
No label;900D8290;Float
No label;900D8294;Float
No label;900D82A0;Float
No label;900D82A4;Float
No label;900D82A8;Float
No label;900D82B4;Float
No label;900D82B8;Float
No label;900D82BC;Float
No label;900D82C8;Float
No label;900D82CC;Float
No label;900D82D0;Float
No label;900D82DC;Float
No label;900D82E0;Float
No label;900D82E4;Float
No label;900D82F0;Float
No label;900D82F4;Float
No label;900D82F8;Float
No label;900D8304;Float
No label;900D8308;Float
No label;900D830C;Float
No label;900D8318;Float
No label;900D831C;Float
No label;900D8320;Float
No label;900D832C;Float
No label;900D8330;Float
No label;900D8334;Float
No label;900D8340;Float
No label;900D8344;Float
No label;900D8348;Float
No label;900D8354;Float
No label;900D8358;Float
No label;900D835C;Float
No label;900D8368;Float
No label;900D836C;Float
No label;900D8370;Float
No label;900D837C;Float
No label;900D8380;Float
No label;900D8384;Float
No label;900D8390;Float
No label;900D8394;Float
No label;900D8398;Float
No label;900D83A4;Float
No label;900D83A8;Float
No label;900D83AC;Float
No label;900D83B8;Float
No label;900D83BC;Float
No label;900D83C0;Float
No label;900D83CC;Float
No label;900D83D0;Float
No label;900D83D4;Float
No label;900D83E0;Float
No label;900D83E4;Float
No label;900D83E8;Float
No label;900D83F4;Float
No label;900D83F8;Float
No label;900D83FC;Float
No label;900D8408;Float
No label;900D840C;Float
No label;900D8410;Float
No label;900D841C;Float
No label;900D8420;Float
No label;900D8424;Float
No label;900D8430;Float
No label;900D8434;Float
No label;900D8438;Float
No label;900D8444;Float
No label;900D8448;Float
No label;900D844C;Float
No label;900D8458;Float
No label;900D845C;Float
No label;900D8460;Float
No label;900D846C;Float
No label;900D8470;Float
No label;900D8474;Float
No label;900D8480;Float
No label;900D8484;Float
No label;900D8488;Float
No label;900D8494;Float
No label;900D8498;Float
No label;900D849C;Float
No label;900D84A8;Float
No label;900D84AC;Float
No label;900D84B0;Float
No label;900D84BC;Float
No label;900D84C0;Float
No label;900D84C4;Float
No label;900D84D0;Float
No label;900D84D4;Float
No label;900D84D8;Float
No label;900D84E4;Float
No label;900D84E8;Float
No label;900D84EC;Float
No label;900D84F8;Float
No label;900D84FC;Float
No label;900D8500;Float
No label;900D850C;Float
No label;900D8510;Float
No label;900D8514;Float
No label;900D8520;Float
No label;900D8524;Float
No label;900D8528;Float
No label;900D8534;Float
No label;900D8538;Float
No label;900D853C;Float
No label;900D8548;Float
No label;900D854C;Float
No label;900D8550;Float
No label;900D855C;Float
No label;900D8560;Float
No label;900D8564;Float
No label;900D8570;Float
No label;900D8574;Float
No label;900D8578;Float
No label;900D8584;Float
No label;900D8588;Float
No label;900D858C;Float
No label;900D8598;Float
No label;900D859C;Float
No label;900D85A0;Float
No label;900D85AC;Float
No label;900D85B0;Float
No label;900D85B4;Float
No label;900D85C0;Float
No label;900D85C4;Float
No label;900D85C8;Float
No label;900D85D4;Float
No label;900D85D8;Float
No label;900D85DC;Float
No label;900D85E8;Float
No label;900D85EC;Float
No label;900D85F0;Float
No label;900D85FC;Float
No label;900D8600;Float
No label;900D8604;Float
No label;900D8610;Float
No label;900D8614;Float
No label;900D8618;Float
No label;900D8624;Float
No label;900D8628;Float
No label;900D862C;Float
No label;900D8638;Float
No label;900D863C;Float
No label;900D8640;Float
No label;900D864C;Float
No label;900D8650;Float
No label;900D8654;Float
No label;900D8660;Float
No label;900D8664;Float
No label;900D8668;Float
No label;900D8674;Float
No label;900D8678;Float
No label;900D867C;Float
No label;900D8688;Float
No label;900D868C;Float
No label;900D8690;Float
No label;900D869C;Float
No label;900D86A0;Float
No label;900D86A4;Float
No label;900D86B0;Float
No label;900D86B4;Float
No label;900D86B8;Float
No label;900D86C4;Float
No label;900D86C8;Float
No label;900D86CC;Float
No label;900D86D8;Float
No label;900D86DC;Float
No label;900D86E0;Float
No label;900D86EC;Float
No label;900D86F0;Float
No label;900D86F4;Float
No label;900D8700;Float
No label;900D8704;Float
No label;900D8708;Float
No label;900D8714;Float
No label;900D8718;Float
No label;900D871C;Float
No label;900D8728;Float
No label;900D872C;Float
No label;900D8730;Float
No label;900D873C;Float
No label;900D8740;Float
No label;900D8744;Float
No label;900D8750;Float
No label;900D8754;Float
No label;900D8758;Float
No label;900D8764;Float
No label;900D8768;Float
No label;900D876C;Float
No label;900D8778;Float
No label;900D877C;Float
No label;900D8780;Float
No label;900D878C;Float
No label;900D8790;Float
No label;900D8794;Float
No label;900D87A0;Float
No label;900D87A4;Float
No label;900D87A8;Float
No label;900D87B4;Float
No label;900D87B8;Float
No label;900D87BC;Float
No label;900D87C8;Float
No label;900D87CC;Float
No label;900D87D0;Float
No label;900D87DC;Float
No label;900D87E0;Float
No label;900D87E4;Float
No label;900D87F0;Float
No label;900D87F4;Float
No label;900D87F8;Float
No label;900D8804;Float
No label;900D8808;Float
No label;900D880C;Float
No label;900D8818;Float
No label;900D881C;Float
No label;900D8820;Float
No label;900D882C;Float
No label;900D8830;Float
No label;900D8834;Float
No label;900D8840;Float
No label;900D8844;Float
No label;900D8848;Float
No label;900D8854;Float
No label;900D8858;Float
No label;900D885C;Float
No label;900D8868;Float
No label;900D886C;Float
No label;900D8870;Float
No label;900D887C;Float
No label;900D8880;Float
No label;900D8884;Float
No label;900D8890;Float
No label;900D8894;Float
No label;900D8898;Float
No label;900D88A4;Float
No label;900D88A8;Float
No label;900D88AC;Float
No label;900D88B8;Float
No label;900D88BC;Float
No label;900D88C0;Float
No label;900D88CC;Float
No label;900D88D0;Float
No label;900D88D4;Float
No label;900D88E0;Float
No label;900D88E4;Float
No label;900D88E8;Float
No label;900D88F4;Float
No label;900D88F8;Float
No label;900D88FC;Float
No label;900D8908;Float
No label;900D890C;Float
No label;900D8910;Float
No label;900D891C;Float
No label;900D8920;Float
No label;900D8924;Float
No label;900D8930;Float
No label;900D8934;Float
No label;900D8938;Float
No label;900D8944;Float
No label;900D8948;Float
No label;900D894C;Float
No label;900D8958;Float
No label;900D895C;Float
No label;900D8960;Float
No label;900D896C;Float
No label;900D8970;Float
No label;900D8974;Float
No label;900D8980;Float
No label;900D8984;Float
No label;900D8988;Float
No label;900D8994;Float
No label;900D8998;Float
No label;900D899C;Float
No label;900D89A8;Float
No label;900D89AC;Float
No label;900D89B0;Float
No label;900D89BC;Float
No label;900D89C0;Float
No label;900D89C4;Float
No label;900D89D0;Float
No label;900D89D4;Float
No label;900D89D8;Float
No label;900D89E4;Float
No label;900D89E8;Float
No label;900D89EC;Float
No label;900D89F8;Float
No label;900D89FC;Float
No label;900D8A10;Float
No label;900D8A24;Float
No label;900D8A38;Float
No label;900D8A4C;Float
No label;900D8A60;Float
No label;900D8A74;Float
No label;900D8A88;Float
No label;900D8A9C;Float
No label;900D8AB0;Float
No label;900D8AC4;Float
No label;900D8AD8;Float
No label;900D8AEC;Float
No label;900D8B00;Float
No label;900D8B14;Float
No label;900D8B28;Float
No label;900D8B3C;Float
No label;900D8B50;Float
No label;900D8B64;Float
No label;900D8B78;Float
No label;900D8B8C;Float
No label;900D8BA0;Float
No label;900D8BB4;Float
No label;900D8BC8;Float
No label;900D8BDC;Float
No label;900D8BF0;Float
No label;900D8C04;Float
No label;900D8C18;Float
No label;900D8C2C;Float
No label;900D8C40;Float
No label;900D8C54;Float
No label;900D8C68;Float
No label;900D8C7C;Float
No label;900D8C90;Float
No label;900D8CA4;Float
No label;900D8CB8;Float
No label;900D8CCC;Float
No label;900D8CE0;Float
No label;900D8CF4;Float
No label;900D8D08;Float
No label;900D8D1C;Float
No label;900D8D30;Float
No label;900D8D44;Float
No label;900D8D58;Float
No label;900D8D6C;Float
No label;900D8D80;Float
No label;900D8D94;Float
No label;900D8DA8;Float
No label;900D8DBC;Float
No label;900D8DD0;Float
No label;900D8DE4;Float
No label;900D8DF8;Float
No label;900D8E0C;Float
No label;900D8E20;Float
No label;900D8E34;Float
No label;900D8E48;Float
No label;900D8E5C;Float
No label;900D8E70;Float
No label;900D8E84;Float
No label;900D8E98;Float
No label;900D8EAC;Float
No label;900D8EC0;Float
No label;900D8ED4;Float
No label;900D8EE8;Float
No label;900D8EFC;Float
No label;900D8F10;Float
No label;900D8F24;Float
No label;900D8F38;Float
No label;900D8F4C;Float
No label;900D8F60;Float
No label;900D8F74;Float
No label;900D8F88;Float
No label;900D8F9C;Float
No label;900D8FB0;Float
No label;900D8FC4;Float
No label;900D8FD8;Float
No label;900D8FEC;Float
No label;900D9000;Float
No label;900D9014;Float
No label;900D9028;Float
No label;900D903C;Float
No label;900D9050;Float
No label;900D9064;Float
No label;900D9078;Float
No label;900D908C;Float
No label;900D90A0;Float
No label;900D90B4;Float
No label;900D90C8;Float
No label;900D90DC;Float
No label;900D90F0;Float
No label;900D9104;Float
No label;900D9118;Float
No label;900D912C;Float
No label;900D9140;Float
No label;900D9154;Float
No label;900D9168;Float
No label;900D917C;Float
No label;900D9190;Float
No label;900D91A4;Float
No label;900D91B8;Float
No label;900D91CC;Float
No label;900D91E0;Float
No label;900D91F4;Float
No label;900D9208;Float
No label;900D921C;Float
No label;900D9230;Float
No label;900D9244;Float
No label;900D9258;Float
No label;900D926C;Float
No label;900D9280;Float
No label;900D9294;Float
No label;900D92A8;Float
No label;900D92BC;Float
No label;900D92D0;Float
No label;900D92E4;Float
No label;900D92F8;Float
No label;900D930C;Float
No label;900D9320;Float
No label;900D9334;Float
No label;900D9348;Float
No label;900D935C;Float
No label;900D9370;Float
No label;900D9384;Float
No label;900D9398;Float
No label;900D93AC;Float
No label;900D93C0;Float
No label;900D93D4;Float
No label;900D93E8;Float
No label;900D93FC;Float
No label;900D9410;Float
No label;900D9424;Float
No label;900D9438;Float
No label;900D944C;Float
No label;900D9460;Float
No label;900D9474;Float
No label;900D94FC;Float
No label;900D950C;Float
No label;900DA51C;Float
No label;900DA520;Float
No label;900DAAFC;Float
No label;900DADE0;Float
No label;900DADE4;Float
No label;900DADE8;Float
No label;900DB0CC;Float
No label;900DB0D0;Float
No label;900DB3B8;Float
No label;900DB3BC;Float
No label;92AB5B6C;Float
No label;92AB5B8C;Float
No label;92AB5B9C;Float
No label;92AB5BBC;Float
No label;92AB5CB4;Float
No label;92AB5CD4;Float
No label;92AB6E74;Float
No label;92AB6E94;Float
No label;92AB6EA4;Float
No label;92AB6EC4;Float
No label;92AB9444;Float
No label;92AB9464;Float